{
  "frame_1": [
    [
      279.0,
      70.162353515625
    ],
    [
      908.0,
      93.46340942382812
    ],
    [
      1471.5,
      46.07780456542969
    ]
  ],
  "frame_2": [
    [
      562.0,
      56.96656036376953
    ],
    [
      1216.5,
      56.214603424072266
    ]
  ],
  "frame_3": [
    [
      278.5,
      54.44082260131836
    ],
    [
      869.5,
      80.80050659179688
    ]
  ],
  "frame_4": [
    [
      866.0,
      68.93788146972656
    ]
  ],
  "frame_5": [
    [
      273.0,
      81.49339294433594
    ],
    [
      858.5,
      43.422237396240234
    ],
    [
      1485.5,
      64.30181884765625
    ]
  ],
  "frame_6": [
    [
      543.0,
      51.931556701660156
    ],
    [
      1153.5,
      58.37375259399414
    ],
    [
      1696.0,
      72.77420043945312
    ]
  ],
  "frame_7": [
    [
      249.0,
      49.761962890625
    ],
    [
      843.5,
      69.36859893798828
    ],
    [
      1419.0,
      58.59669876098633
    ]
  ],
  "frame_8": [
    [
      498.0,
      83.61685180664062
    ],
    [
      1129.5,
      59.80591583251953
    ]
  ],
  "frame_9": [
    [
      229.5,
      69.83528137207031
    ],
    [
      790.5,
      45.2618293762207
    ],
    [
      1457.0,
      67.0328598022461
    ]
  ],
  "frame_10": [
    [
      455.5,
      45.190643310546875
    ],
    [
      1079.0,
      40.50103759765625
    ],
    [
      1709.5,
      90.51570892333984
    ]
  ]
}